artist,count
kanye,419904
drake,307441
eminem,151676
bts,110852
taylor swift,55941
jay-z,40704
beyonce,38581
lil pump,36198
post malone,35661
kendrick lamar,35615
rihanna,34892
xxxtentacion,29909
tekashi 6ix9ine,29819
travis scott,28446
migos,28429
chris brown,26038
lady gaga,25815
cardi b,25038
j. cole,24935
ariana grande,24221
ed sheeran,24159
childish gambino,22202
lil wayne,21432
the weeknd,21312
foo fighters,19804
imagine dragons,19380
elton john,18146
young thug,16093
nicki minaj,15579
bruno mars,14462
halsey,14188
khalid,13550
justin timberlake,12884
ozuna,12768
lil uzi vert,12148
sza,12027
twenty one pilots,11936
dj khaled,11857
the rolling stones,11802
billy joel,10785
panic! at the disco,10730
21 savage,8796
lil baby,8718
marshmello,8400
selena gomez,8383
demi lovato,8336
maroon 5,8104
juice wrld,7684
gucci mane,7553
g-eazy,7025
old dominion,6938
dua lipa,6700
weeknd,6509
celine dion,6297
shawn mendes,4659
sam smith,4588
portugal. the man,3711
harry styles,3574
kodak black,3545
rich the kid,3482
lil skies,3230
chris stapleton,3062
metro boomin,3036
camila cabello,2970
ty dolla $ign,2884
charlie puth,2681
p!nk,2619
bebe rexha,2271
bad bunny,2259
portugal the man,2160
florida georgia line,1784
luke bryan,1779
pentatonix,1690
bazzi,1627
keith urban,1530
j balvin,1527
blocboy jb,1495
kenny chesney,1464
blake shelton,1319
the carters,1208
lauv,1040
jason aldean,939
5 seconds of summer,911
ella mai,752
maren morris,661
youngboy nba,465
thomas rhett,457
luke combs,423
kane brown,324
lauren daigle,202
brett young,104
dan + shay,47
